density,avg_score
0.1,0.976
0.2,0.8930000000000001
0.3,0.7366666666666668
0.4,0.6455000000000001
0.5,0.518
0.6,0.4693333333333334
0.7,0.41457142857142854
0.8,0.37425
0.9,0.2631111111111111