density,avg_score
0.1,0.9949999999999999
0.2,0.945
0.3,0.8091666666666667
0.4,0.6875
0.5,0.5755
0.6,0.5275
0.7,0.43392857142857133
0.8,0.3703125
0.9,0.2425